scientific_name,preferred_common_name,habitat,genus,family,family_order,breeding_population,winter_visitor_population
Locustella luscinioides,Savi's Warbler,freshwater,Locustella,Locustellidae,Passeriformes,,
Locustella fluviatilis,River Warbler,,Locustella,Locustellidae,Passeriformes,,
Locustella lanceolata,Lanceolated Warbler,,Locustella,Locustellidae,Passeriformes,,
Locustella naevia,Grasshopper Warbler,freshwater,Locustella,Locustellidae,Passeriformes,12000,
Helopsaltes certhiola,Pallas's Grasshopper Warbler,terrestrial,Helopsaltes,Locustellidae,Passeriformes,,
Linaria flavirostris,Twite,,Linaria,Fringillidae,Passeriformes,"7,850 (5,850–10,000)",
Linaria cannabina,Linnet,,Linaria,Fringillidae,Passeriformes,560000,
Coccothraustes coccothraustes,Hawfinch,,Coccothraustes,Fringillidae,Passeriformes,"(500–1,000)",
Serinus serinus,Serin,,Serinus,Fringillidae,Passeriformes,0,
Carpodacus erythrinus,Common Rosefinch,,Carpodacus,Fringillidae,Passeriformes,,
Fringilla montifringilla,Brambling,,Fringilla,Fringillidae,Passeriformes,(0–1),"(45,000–1,800,000)"
Fringilla coelebs,Chaffinch,,Fringilla,Fringillidae,Passeriformes,5050000,
Pinicola enucleator,Pine Grosbeak,,Pinicola,Fringillidae,Passeriformes,,
Spinus spinus,Siskin,,Spinus,Fringillidae,Passeriformes,445000,
Loxia scotica,Scottish Crossbill,,Loxia,Fringillidae,Passeriformes,"6,800 (4,050–11,500)",
Loxia pytyopsittacus,Parrot Crossbill,,Loxia,Fringillidae,Passeriformes,65,
Loxia leucoptera,Two-barred Crossbill,,Loxia,Fringillidae,Passeriformes,,
Loxia curvirostra,Crossbill,,Loxia,Fringillidae,Passeriformes,"26,000 (19,500–34,000)",
Hesperiphona vespertina,Evening Grosbeak,,Hesperiphona,Fringillidae,Passeriformes,,
Carduelis carduelis,Goldfinch,,Carduelis,Fringillidae,Passeriformes,"1,650,000 (1,450,000–1,800,000)",
Carduelis citrinella,Citril Finch,,Carduelis,Fringillidae,Passeriformes,,
Pyrrhula pyrrhula,Bullfinch,,Pyrrhula,Fringillidae,Passeriformes,265000,
Chloris chloris,Greenfinch,,Chloris,Fringillidae,Passeriformes,"785,000 (735,000–835,000)",
Acanthis cabaret,Lesser Redpoll,,Acanthis,Fringillidae,Passeriformes,260000,
Acanthis flammea,Common Redpoll,,Acanthis,Fringillidae,Passeriformes,12,335
Acanthis hornemanni,Arctic Redpoll,,Acanthis,Fringillidae,Passeriformes,,11
Oriolus oriolus,Golden Oriole,,Oriolus,Oriolidae,Passeriformes,0 (0–2),
Plectrophenax nivalis,Snow Bunting,,Plectrophenax,Calcariidae,Passeriformes,60 (48–83),"(10,000–15,000)"
Calcarius lapponicus,Lapland Bunting,,Calcarius,Calcariidae,Passeriformes,(0–1),310
Hippolais polyglotta,Melodious Warbler,,Hippolais,Acrocephalidae,Passeriformes,,
Hippolais olivetorum,Olive-tree Warbler,,Hippolais,Acrocephalidae,Passeriformes,,
Hippolais icterina,Icterine Warbler,,Hippolais,Acrocephalidae,Passeriformes,(0–2),
Iduna caligata,Booted Warbler,,Iduna,Acrocephalidae,Passeriformes,,
Iduna rama,Sykes's Warbler,,Iduna,Acrocephalidae,Passeriformes,,
Iduna pallida,Eastern Olivaceous Warbler,,Iduna,Acrocephalidae,Passeriformes,,
Arundinax aedon,Thick-billed Warbler,terrestrial,Arundinax,Acrocephalidae,Passeriformes,,
Acrocephalus palustris,Marsh Warbler,freshwater,Acrocephalus,Acrocephalidae,Passeriformes,8,
Acrocephalus arundinaceus,Great Reed Warbler,,Acrocephalus,Acrocephalidae,Passeriformes,,
Acrocephalus dumetorum,Blyth's Reed Warbler,,Acrocephalus,Acrocephalidae,Passeriformes,,
Acrocephalus agricola,Paddyfield Warbler,,Acrocephalus,Acrocephalidae,Passeriformes,,
Acrocephalus schoenobaenus,Sedge Warbler,freshwater,Acrocephalus,Acrocephalidae,Passeriformes,240000,
Acrocephalus scirpaceus,Reed Warbler,freshwater,Acrocephalus,Acrocephalidae,Passeriformes,"130,000 (100,000–155,000)+",
Acrocephalus paludicola,Aquatic Warbler,freshwater,Acrocephalus,Acrocephalidae,Passeriformes,,
Cettia cetti,Cetti's Warbler,freshwater,Cettia,Cettiidae,Passeriformes,,
Pheucticus ludovicianus,Rose-breasted Grosbeak,,Pheucticus,Cardinalidae,Passeriformes,,
Piranga rubra,Summer Tanager,,Piranga,Cardinalidae,Passeriformes,,
Piranga olivacea,Scarlet Tanager,,Piranga,Cardinalidae,Passeriformes,,
Delichon urbicum,House Martin,freshwater,Delichon,Hirundinidae,Passeriformes,"480,000 (335,000–620,000)",
Ptyonoprogne rupestris,Crag Martin,,Ptyonoprogne,Hirundinidae,Passeriformes,,
Hirundo rustica,Swallow,freshwater,Hirundo,Hirundinidae,Passeriformes,705000,
Riparia riparia,Sand Martin,freshwater,Riparia,Hirundinidae,Passeriformes,"(70,500–225,000)",
Tachycineta bicolor,Tree Swallow,,Tachycineta,Hirundinidae,Passeriformes,,
Petrochelidon pyrrhonota,American Cliff Swallow,,Petrochelidon,Hirundinidae,Passeriformes,,
Cecropis daurica,Red-rumped Swallow,terrestrial,Cecropis,Hirundinidae,Passeriformes,,
Remiz pendulinus,Penduline Tit,,Remiz,Remizidae,Passeriformes,,
Paroaria capitata,Yellow-billed Cardinal,,Paroaria,Thraupidae,Passeriformes,,
Phylloscopus orientalis,Eastern Bonelli's Warbler,,Phylloscopus,Phylloscopidae,Passeriformes,,
Phylloscopus schwarzi,Radde's Warbler,,Phylloscopus,Phylloscopidae,Passeriformes,,
Phylloscopus humei,Hume's Warbler,,Phylloscopus,Phylloscopidae,Passeriformes,,
Phylloscopus plumbeitarsus,Two-barred Greenish Warbler,terrestrial,Phylloscopus,Phylloscopidae,Passeriformes,,
Phylloscopus inornatus,Yellow-browed Warbler,,Phylloscopus,Phylloscopidae,Passeriformes,,25
Phylloscopus fuscatus,Dusky Warbler,,Phylloscopus,Phylloscopidae,Passeriformes,,
Phylloscopus nitidus,Green Warbler,,Phylloscopus,Phylloscopidae,Passeriformes,,
Phylloscopus trochiloides,Greenish Warbler,,Phylloscopus,Phylloscopidae,Passeriformes,,
Phylloscopus bonelli,Western Bonelli's Warbler,,Phylloscopus,Phylloscopidae,Passeriformes,,
Phylloscopus coronatus,Eastern Crowned Warbler,,Phylloscopus,Phylloscopidae,Passeriformes,,
Phylloscopus collybita,Chiffchaff,,Phylloscopus,Phylloscopidae,Passeriformes,1750000,
Phylloscopus trochilus,Willow Warbler,,Phylloscopus,Phylloscopidae,Passeriformes,2300000,
Phylloscopus ibericus,Iberian Chiffchaff,,Phylloscopus,Phylloscopidae,Passeriformes,(0–1),
Phylloscopus sibilatrix,Wood Warbler,,Phylloscopus,Phylloscopidae,Passeriformes,"6,500 (6,000–7,050)",
Phylloscopus tenellipes,Pale-legged Leaf Warbler,terrestrial,Phylloscopus,Phylloscopidae,Passeriformes,,
Phylloscopus proregulus,Pallas's Warbler,,Phylloscopus,Phylloscopidae,Passeriformes,,
Phylloscopus borealis,Arctic Warbler,,Phylloscopus,Phylloscopidae,Passeriformes,,
Phylloscopus griseolus,Sulphur-bellied Warbler,terrestrial,Phylloscopus,Phylloscopidae,Passeriformes,,
Regulus calendula,Ruby-crowned Kinglet,terrestrial,Regulus,Regulidae,Passeriformes,,
Regulus regulus,Goldcrest,,Regulus,Regulidae,Passeriformes,790000,
Regulus ignicapilla,Firecrest,,Regulus,Regulidae,Passeriformes,"2,000+",
Vireo philadelphicus,Philadelphia Vireo,,Vireo,Vireonidae,Passeriformes,,
Vireo flavifrons,Yellow-throated Vireo,,Vireo,Vireonidae,Passeriformes,,
Vireo olivaceus,Red-eyed Vireo,,Vireo,Vireonidae,Passeriformes,,
Hydrocoloeus minutus,Little Gull,marine/freshwater,Hydrocoloeus,Laridae,Charadriiformes,,
Onychoprion fuscatus,Sooty Tern,marine,Onychoprion,Laridae,Charadriiformes,,
Onychoprion aleuticus,Aleutian Tern,marine,Onychoprion,Laridae,Charadriiformes,,
Larus cachinnans,Caspian Gull,,Larus,Laridae,Charadriiformes,,125
Chlidonias hybrida,Whiskered Tern,marine,Chlidonias,Laridae,Charadriiformes,,
Hydroprogne caspia,Caspian Tern,marine,Hydroprogne,Laridae,Charadriiformes,,
Numenius tenuirostris,Slender-billed Curlew,,Numenius,Scolopacidae,Charadriiformes,,
Numenius arquata,Curlew,marine/freshwater,Numenius,Scolopacidae,Charadriiformes,58500,125000
Limosa limosa,Black-tailed Godwit,terrestrial/freshwater,Limosa,Scolopacidae,Charadriiformes,53,41000
Limosa haemastica,Hudsonian Godwit,marine,Limosa,Scolopacidae,Charadriiformes,,
Tringa totanus,Redshank,marine/terrestrial/freshwater,Tringa,Scolopacidae,Charadriiformes,22000,100000
Calidris alpina,Dunlin,marine/freshwater,Calidris,Scolopacidae,Charadriiformes,"(8,600–10,500)",350000
Calidris tenuirostris,Great Knot,marine,Calidris,Scolopacidae,Charadriiformes,,
Calidris ferruginea,Curlew Sandpiper,marine/freshwater,Calidris,Scolopacidae,Charadriiformes,,
Calidris fuscicollis,White-rumped Sandpiper,marine,Calidris,Scolopacidae,Charadriiformes,,
Calidris subminuta,Long-toed Stint,marine,Calidris,Scolopacidae,Charadriiformes,,
Xenus cinereus,Terek Sandpiper,marine,Xenus,Scolopacidae,Charadriiformes,,
Phalaropus tricolor,Wilson's Phalarope,marine,Phalaropus,Scolopacidae,Charadriiformes,,
Actitis hypoleucos,Common Sandpiper,marine/terrestrial/freshwater,Actitis,Scolopacidae,Charadriiformes,13000,52
Actitis macularius,Spotted Sandpiper,marine,Actitis,Scolopacidae,Charadriiformes,,
Gallinago gallinago,Snipe,freshwater,Gallinago,Scolopacidae,Charadriiformes,66500,1100000
Pinguinus impennis,Great Auk,,Pinguinus,Alcidae,Charadriiformes,,
Synthliboramphus antiquus,Ancient Murrelet,marine,Synthliboramphus,Alcidae,Charadriiformes,,
Cursorius cursor,Cream-coloured Courser,marine,Cursorius,Glareolidae,Charadriiformes,,
Glareola nordmanni,Black-winged Pratincole,marine,Glareola,Glareolidae,Charadriiformes,,
Glareola maldivarum,Oriental Pratincole,marine,Glareola,Glareolidae,Charadriiformes,,
Stercorarius skua,Great Skua,marine,Stercorarius,Stercorariidae,Charadriiformes,"9,650+",
Burhinus oedicnemus,Stone-curlew,marine,Burhinus,Burhinidae,Charadriiformes,365+,
Recurvirostra avosetta,Avocet,marine/freshwater,Recurvirostra,Recurvirostridae,Charadriiformes,1950,8700
Charadrius mongolus,Lesser Sand Plover,,Charadrius,Charadriidae,Charadriiformes,,
Charadrius asiaticus,Caspian Plover,marine,Charadrius,Charadriidae,Charadriiformes,,
Charadrius morinellus,Dotterel,marine,Charadrius,Charadriidae,Charadriiformes,425 (280–645),
Vanellus vanellus,Lapwing,freshwater,Vanellus,Charadriidae,Charadriiformes,97500,635000
Vanellus leucurus,White-tailed Plover,marine/terrestrial,Vanellus,Charadriidae,Charadriiformes,,
Vanellus gregarius,Sociable Plover,marine,Vanellus,Charadriidae,Charadriiformes,,
Pluvialis dominica,American Golden Plover,marine,Pluvialis,Charadriidae,Charadriiformes,,
Pluvialis apricaria,Golden Plover,marine/freshwater,Pluvialis,Charadriidae,Charadriiformes,"(32,500–50,500)",410000
Fregata magnificens,Magnificent Frigatebird,marine,Fregata,Fregatidae,Pelecaniformes,,
Buteo solitarius,Hawaiian Hawk,,Buteo,Accipitridae,Falconiformes,,
Buteo ridgwayi,Ridgway's Hawk,,Buteo,Accipitridae,Falconiformes,,
Buteo lagopus,Rough-legged Buzzard,,Buteo,Accipitridae,Falconiformes,,29
Buteo galapagoensis,Galapagos Hawk,,Buteo,Accipitridae,Falconiformes,,
Circus cyaneus,Hen Harrier,,Circus,Accipitridae,Falconiformes,545,
Circus macrourus,Pallid Harrier,,Circus,Accipitridae,Falconiformes,,
Circus pygargus,Montagu's Harrier,,Circus,Accipitridae,Falconiformes,,
Circus aeruginosus,Marsh Harrier,freshwater,Circus,Accipitridae,Falconiformes,(590–695),
Accipiter imitator,Imitator Goshawk,,Accipiter,Accipitridae,Falconiformes,,
Accipiter nisus,Sparrowhawk,,Accipiter,Accipitridae,Falconiformes,30500,
Accipiter nanus,Dwarf Sparrowhawk,,Accipiter,Accipitridae,Falconiformes,,
Accipiter gundlachi,Gundlach's Hawk,,Accipiter,Accipitridae,Falconiformes,,
Accipiter brachyurus,New Britain Sparrowhawk,,Accipiter,Accipitridae,Falconiformes,,
Milvus milvus,Red Kite,,Milvus,Accipitridae,Falconiformes,4400,
Harpyopsis novaeguineae,Papuan Eagle,,Harpyopsis,Accipitridae,Falconiformes,,
Alcedo atthis,Kingfisher,freshwater,Alcedo,Alcedinidae,Coraciiformes,"(3,850–6,400)",
Merops apiaster,Bee-eater,,Merops,Meropidae,Coraciiformes,1 (0–3),
Coracias garrulus,Roller,,Coracias,Coraciidae,Coraciiformes,,
Upupa epops,Hoopoe,,Upupa,Upupidae,Bucerotiformes,,
Apus apus,Swift,freshwater,Apus,Apodidae,Apodiformes,"59,000 (43,000–75,000)+",
Apus pacificus,Pacific Swift,,Apus,Apodidae,Apodiformes,,
Apus pallidus,Pallid Swift,,Apus,Apodidae,Apodiformes,,
Apus affinis,Little Swift,,Apus,Apodidae,Apodiformes,,
Hirundapus caudacutus,White-throated Needletail,,Hirundapus,Apodidae,Apodiformes,,
Chaetura pelagica,Chimney Swift,,Chaetura,Apodidae,Apodiformes,,
Columba palumbus,Woodpigeon,,Columba,Columbidae,Columbiformes,"5,150,000 (4,850,000–5,450,000)",
Columba oenas,Stock Dove,,Columba,Columbidae,Columbiformes,320000,
Zenaida macroura,Mourning Dove,,Zenaida,Columbidae,Columbiformes,,
Streptopelia orientalis,Oriental Turtle Dove,,Streptopelia,Columbidae,Columbiformes,,
Streptopelia decaocto,Collared Dove,terrestrial,Streptopelia,Columbidae,Columbiformes,"810,000 (730,000–890,000)",
Streptopelia turtur,Turtle Dove,,Streptopelia,Columbidae,Columbiformes,3600,
Hylocichla mustelina,Wood Thrush,,Hylocichla,Turdidae,Passeriformes,,
Turdus pilaris,Fieldfare,,Turdus,Turdidae,Passeriformes,(0–1),720000
Turdus ruficollis,Red-throated Thrush,,Turdus,Turdidae,Passeriformes,,
Turdus viscivorus,Mistle Thrush,,Turdus,Turdidae,Passeriformes,165000,
Turdus naumanni,Naumann's Thrush,,Turdus,Turdidae,Passeriformes,,
Turdus merula,Blackbird,,Turdus,Turdidae,Passeriformes,"5,050,000 (4,800,000–5,250,000)",
Turdus iliacus,Redwing,,Turdus,Turdidae,Passeriformes,24,690000
Turdus torquatus,Ring Ouzel,,Turdus,Turdidae,Passeriformes,"7,300 (5,550–9,400)",
Turdus philomelos,Song Thrush,,Turdus,Turdidae,Passeriformes,1300000,
Turdus obscurus,Eyebrowed Thrush,,Turdus,Turdidae,Passeriformes,,
Catharus guttatus,Hermit Thrush,,Catharus,Turdidae,Passeriformes,,
Catharus minimus,Grey-cheeked Thrush,,Catharus,Turdidae,Passeriformes,,
Catharus ustulatus,Swainson's Thrush,,Catharus,Turdidae,Passeriformes,,
Catharus fuscescens,Veery,,Catharus,Turdidae,Passeriformes,,
Bombycilla garrulus,Waxwing,,Bombycilla,Bombycillidae,Passeriformes,,10000
Cinclus cinclus,Dipper,freshwater,Cinclus,Cinclidae,Passeriformes,"(6,900–20,500)",
Motacilla flava,Yellow Wagtail,freshwater,Motacilla,Motacillidae,Passeriformes,19500,
Motacilla alba,Pied Wagtail,freshwater,Motacilla,Motacillidae,Passeriformes,"505,000 (445,000–570,000)",
Motacilla citreola,Citrine Wagtail,,Motacilla,Motacillidae,Passeriformes,,
Motacilla cinerea,Grey Wagtail,freshwater,Motacilla,Motacillidae,Passeriformes,37000,
Anthus hodgsoni,Olive-backed Pipit,,Anthus,Motacillidae,Passeriformes,,
Anthus trivialis,Tree Pipit,,Anthus,Motacillidae,Passeriformes,"105,000 (66,000–145,000)",
Anthus rubescens,Buff-bellied Pipit,,Anthus,Motacillidae,Passeriformes,,
Anthus godlewskii,Blyth's Pipit,,Anthus,Motacillidae,Passeriformes,,
Anthus spinoletta,Water Pipit,freshwater,Anthus,Motacillidae,Passeriformes,,205
Anthus gustavi,Pechora Pipit,,Anthus,Motacillidae,Passeriformes,,
Anthus campestris,Tawny Pipit,,Anthus,Motacillidae,Passeriformes,,
Anthus pratensis,Meadow Pipit,,Anthus,Motacillidae,Passeriformes,"2,450,000 (2,100,000–2,750,000)",
Anthus richardi,Richard's Pipit,,Anthus,Motacillidae,Passeriformes,,
Anthus petrosus,Rock Pipit,,Anthus,Motacillidae,Passeriformes,36000,
Anthus cervinus,Red-throated Pipit,,Anthus,Motacillidae,Passeriformes,,
Sturnus vulgaris,Starling,freshwater,Sturnus,Sturnidae,Passeriformes,"1,750,000 (1,550,000–1,950,000)",
Certhia brachydactyla,Short-toed Treecreeper,,Certhia,Certhiidae,Passeriformes,,
Certhia familiaris,Treecreeper,,Certhia,Certhiidae,Passeriformes,225000,
Cisticola juncidis,Fan-tailed Warbler,,Cisticola,Cisticolidae,Passeriformes,,
Petronia petronia,Rock Sparrow,,Petronia,Passeridae,Passeriformes,,
Passer montanus,Tree Sparrow,,Passer,Passeridae,Passeriformes,245000,
Passer domesticus,House Sparrow,,Passer,Passeridae,Passeriformes,"5,300,000 (4,800,000–5,750,000)",
Passer hispaniolensis,Spanish Sparrow,,Passer,Passeridae,Passeriformes,,
Sayornis phoebe,Eastern Phoebe,,Sayornis,Tyrannidae,Passeriformes,,
Tichodroma muraria,Wallcreeper,,Tichodroma,Tichodromidae,Passeriformes,,
Dumetella carolinensis,Grey Catbird,,Dumetella,Mimidae,Passeriformes,,
Toxostoma rufum,Brown Thrasher,,Toxostoma,Mimidae,Passeriformes,,
Corvus corone,Carrion Crow,,Corvus,Corvidae,Passeriformes,1050000,
Corvus frugilegus,Rook,,Corvus,Corvidae,Passeriformes,"980,000 (865,000–1,100,000)",
Corvus corax,Raven,,Corvus,Corvidae,Passeriformes,"10,000+",
Pyrrhocorax pyrrhocorax,Chough,,Pyrrhocorax,Corvidae,Passeriformes,335,1250
Garrulus glandarius,Jay,,Garrulus,Corvidae,Passeriformes,170000,
Pica pica,Magpie,,Pica,Corvidae,Passeriformes,610000,
Nucifraga caryocatactes,Nutcracker,,Nucifraga,Corvidae,Passeriformes,,
Sitta canadensis,Red-breasted Nuthatch,,Sitta,Sittidae,Passeriformes,,
Sitta europaea,Nuthatch,,Sitta,Sittidae,Passeriformes,250000,
Dolichonyx oryzivorus,Bobolink,,Dolichonyx,Icteridae,Passeriformes,,
Molothrus ater,Brown-headed Cowbird,,Molothrus,Icteridae,Passeriformes,,
Chondestes grammacus,Lark Sparrow,,Chondestes,Passerellidae,Passeriformes,,
Passerella iliaca,Red Fox Sparrow,,Passerella,Passerellidae,Passeriformes,,
Passerculus sandwichensis,Savannah Sparrow,,Passerculus,Passerellidae,Passeriformes,,
Pipilo erythrophthalmus,Eastern Towhee,,Pipilo,Passerellidae,Passeriformes,,
Emberiza pallasi,Pallas's Reed Bunting,,Emberiza,Emberizidae,Passeriformes,,
Emberiza aureola,Yellow-breasted Bunting,,Emberiza,Emberizidae,Passeriformes,,
Emberiza cirlus,Cirl Bunting,,Emberiza,Emberizidae,Passeriformes,1100,
Emberiza schoeniclus,Reed Bunting,freshwater,Emberiza,Emberizidae,Passeriformes,275000,
Emberiza calandra,Corn Bunting,,Emberiza,Emberizidae,Passeriformes,"1,1000 (9,050–13,000)",
Emberiza caesia,Cretzschmar's Bunting,,Emberiza,Emberizidae,Passeriformes,,
Emberiza citrinella,Yellowhammer,,Emberiza,Emberizidae,Passeriformes,700000,
Emberiza leucocephalos,Pine Bunting,,Emberiza,Emberizidae,Passeriformes,,
Emberiza rustica,Rustic Bunting,,Emberiza,Emberizidae,Passeriformes,,
Emberiza cia,Rock Bunting,,Emberiza,Emberizidae,Passeriformes,,
Emberiza chrysophrys,Yellow-browed Bunting,,Emberiza,Emberizidae,Passeriformes,,
Emberiza pusilla,Little Bunting,,Emberiza,Emberizidae,Passeriformes,,
Galerida cristata,Crested Lark,,Galerida,Alaudidae,Passeriformes,,
Eremophila alpestris,Shore Lark,,Eremophila,Alaudidae,Passeriformes,,110
Lullula arborea,Woodlark,,Lullula,Alaudidae,Passeriformes,"2,300 (1,850–2,750)",
Alauda arvensis,Skylark,,Alauda,Alaudidae,Passeriformes,1550000,
Calandrella brachydactyla,Short-toed Lark,,Calandrella,Alaudidae,Passeriformes,,
Calandrella cinerea,Red-capped Lark,,Calandrella,Alaudidae,Passeriformes,,
Melanocorypha bimaculata,Bimaculated Lark,,Melanocorypha,Alaudidae,Passeriformes,,
Melanocorypha yeltoniensis,Black Lark,,Melanocorypha,Alaudidae,Passeriformes,,
Melanocorypha calandra,Calandra Lark,,Melanocorypha,Alaudidae,Passeriformes,,
Panurus biarmicus,Bearded Tit,freshwater,Panurus,Panuridae,Passeriformes,695,
Parus major,Great Tit,,Parus,Paridae,Passeriformes,2350000,
Curruca hortensis,Western Orphean Warbler,terrestrial,Curruca,Sylviidae,Passeriformes,,
Sylvia atricapilla,Blackcap,,Sylvia,Sylviidae,Passeriformes,1650000,
Sylvia borin,Garden Warbler,,Sylvia,Sylviidae,Passeriformes,145000,
Ficedula albicollis,Collared Flycatcher,,Ficedula,Muscicapidae,Passeriformes,,
Ficedula hypoleuca,Pied Flycatcher,,Ficedula,Muscicapidae,Passeriformes,"(22,000–25,000)",
Ficedula parva,Red-breasted Flycatcher,,Ficedula,Muscicapidae,Passeriformes,,
Erithacus rubecula,Robin,,Erithacus,Muscicapidae,Passeriformes,7350000,
Monticola saxatilis,Rock Thrush,,Monticola,Muscicapidae,Passeriformes,,
Oenanthe oenanthe,Wheatear,,Oenanthe,Muscicapidae,Passeriformes,"170,000 (120,000–220,000)",
Oenanthe isabellina,Isabelline Wheatear,,Oenanthe,Muscicapidae,Passeriformes,,
Oenanthe deserti,Desert Wheatear,,Oenanthe,Muscicapidae,Passeriformes,,
Oenanthe leucopyga,White-crowned Black Wheatear,,Oenanthe,Muscicapidae,Passeriformes,,
Oenanthe hispanica,Western Black-eared Wheatear,terrestrial,Oenanthe,Muscicapidae,Passeriformes,,
Oenanthe leucura,Black Wheatear,,Oenanthe,Muscicapidae,Passeriformes,,
Oenanthe pleschanka,Pied Wheatear,,Oenanthe,Muscicapidae,Passeriformes,,
Cercotrichas galactotes,Rufous-tailed Scrub Robin,,Cercotrichas,Muscicapidae,Passeriformes,,
Phoenicurus moussieri,Moussier's Redstart,,Phoenicurus,Muscicapidae,Passeriformes,,
Phoenicurus ochruros,Black Redstart,,Phoenicurus,Muscicapidae,Passeriformes,58,400
Phoenicurus phoenicurus,Redstart,,Phoenicurus,Muscicapidae,Passeriformes,"135,000 (97,000–170,000)",
Irania gutturalis,White-throated Robin,,Irania,Muscicapidae,Passeriformes,,
Muscicapa striata,Spotted Flycatcher,,Muscicapa,Muscicapidae,Passeriformes,41500,
Luscinia svecica,Bluethroat,,Luscinia,Muscicapidae,Passeriformes,(0–1),
Luscinia luscinia,Thrush Nightingale,,Luscinia,Muscicapidae,Passeriformes,,
Luscinia megarhynchos,Nightingale,,Luscinia,Muscicapidae,Passeriformes,"5,550 (5,100–6,000)",
Saxicola rubetra,Whinchat,,Saxicola,Muscicapidae,Passeriformes,"49,500 (19,500–79,000)",
Aegithalos caudatus,Long-tailed Tit,,Aegithalos,Aegithalidae,Passeriformes,380000,
Prunella collaris,Alpine Accentor,,Prunella,Prunellidae,Passeriformes,,
Prunella modularis,Dunnock,,Prunella,Prunellidae,Passeriformes,2500000,
Geothlypis trichas,Common Yellowthroat,,Geothlypis,Parulidae,Passeriformes,,
Mniotilta varia,Black-and-white Warbler,,Mniotilta,Parulidae,Passeriformes,,
Vermivora chrysoptera,Golden-winged Warbler,,Vermivora,Parulidae,Passeriformes,,
Lanius isabellinus,Daurian Shrike,,Lanius,Laniidae,Passeriformes,,
Lanius cristatus,Brown Shrike,,Lanius,Laniidae,Passeriformes,,
Lanius nubicus,Masked Shrike,,Lanius,Laniidae,Passeriformes,,
Lanius minor,Lesser Grey Shrike,,Lanius,Laniidae,Passeriformes,,
Lanius collurio,Red-backed Shrike,,Lanius,Laniidae,Passeriformes,3,
Lanius senator,Woodchat Shrike,,Lanius,Laniidae,Passeriformes,,
Lanius excubitor,Great Grey Shrike,,Lanius,Laniidae,Passeriformes,,98
Troglodytes troglodytes,Wren,,Troglodytes,Troglodytidae,Passeriformes,11000000,
Lagopus lagopus,Red Grouse,,Lagopus,Phasianidae,Galliformes,265000,
Tetrao urogallus,Capercaillie,,Tetrao,Phasianidae,Galliformes,,1100
Coturnix coturnix,Quail,,Coturnix,Phasianidae,Galliformes,355,
Grus grus,Crane,freshwater,Grus,Gruidae,Gruiformes,31,175
Rallus aquaticus,Water Rail,terrestrial/freshwater,Rallus,Rallidae,Gruiformes,"3,900+",
Crex crex,Corncrake,,Crex,Rallidae,Gruiformes,1100,
Porzana carolina,Sora Rail,terrestrial,Porzana,Rallidae,Gruiformes,,
Porzana porzana,Spotted Crake,marine/freshwater,Porzana,Rallidae,Gruiformes,27,
Fulica americana,American Coot,terrestrial,Fulica,Rallidae,Gruiformes,,
Porphyrio martinica,American Purple Gallinule,terrestrial,Porphyrio,Rallidae,Gruiformes,,
Porphyrio alleni,Allen's Gallinule,marine/terrestrial,Porphyrio,Rallidae,Gruiformes,,
Gavia adamsii,White-billed Diver,marine,Gavia,Gaviidae,Gaviiformes,,80+
Mergellus albellus,Smew,terrestrial/freshwater,Mergellus,Anatidae,Anseriformes,,125
Anser anser,Greylag Goose,marine/terrestrial/freshwater,Anser,Anatidae,Anseriformes,47000,230000
Aythya affinis,Lesser Scaup,terrestrial,Aythya,Anatidae,Anseriformes,,
Aythya collaris,Ring-necked Duck,terrestrial,Aythya,Anatidae,Anseriformes,,18
Anas carolinensis,Green-winged Teal,,Anas,Anatidae,Anseriformes,,34
Anas platyrhynchos,Mallard,marine/terrestrial/freshwater,Anas,Anatidae,Anseriformes,"(61,000–145,000)+",675000
Anas rubripes,Black Duck,terrestrial,Anas,Anatidae,Anseriformes,,
Anas crecca,Teal,terrestrial/freshwater,Anas,Anatidae,Anseriformes,"(2,700–4,750)",435000
Clangula hyemalis,Long-tailed Duck,marine,Clangula,Anatidae,Anseriformes,,"13,500+"
Somateria mollissima,Eider,marine,Somateria,Anatidae,Anseriformes,37000,86000
Somateria spectabilis,King Eider,marine,Somateria,Anatidae,Anseriformes,,
Melanitta deglandi,White-winged Scoter,,Melanitta,Anatidae,Anseriformes,,
Melanitta nigra,Common Scoter,marine/freshwater,Melanitta,Anatidae,Anseriformes,52,"135,000+"
Melanitta perspicillata,Surf Scoter,marine,Melanitta,Anatidae,Anseriformes,,24
Melanitta fusca,Velvet Scoter,marine,Melanitta,Anatidae,Anseriformes,,"3,350+"
Melanitta americana,Black Scoter,marine,Melanitta,Anatidae,Anseriformes,,
Podiceps auritus,Slavonian Grebe,marine/freshwater,Podiceps,Podicipedidae,Podicipediformes,28,995
Podiceps nigricollis,Black-necked Grebe,marine/freshwater,Podiceps,Podicipedidae,Podicipediformes,55,115
Podiceps cristatus,Great Crested Grebe,marine/freshwater,Podiceps,Podicipedidae,Podicipediformes,"4,900+",18000
Podiceps grisegena,Red-necked Grebe,marine/freshwater,Podiceps,Podicipedidae,Podicipediformes,(0–1),60
Tachybaptus ruficollis,Little Grebe,marine/freshwater,Tachybaptus,Podicipedidae,Podicipediformes,"(3,650–7,300)",15500
Podilymbus podiceps,Pied-billed Grebe,marine,Podilymbus,Podicipedidae,Podicipediformes,,
Thalassarche melanophris,Black-browed Albatross,marine,Thalassarche,Diomedeidae,Procellariiformes,,
Thalassarche chlororhynchos,Atlantic Yellow-nosed Albatross,,Thalassarche,Diomedeidae,Procellariiformes,,
Fulmarus glacialis,Fulmar,marine,Fulmarus,Procellariidae,Procellariiformes,"350,000 (195,000–680,000)",
Puffinus yelkouan,Yelkouan Shearwater,marine,Puffinus,Procellariidae,Procellariiformes,,
Puffinus baroli,Barolo Shearwater,,Puffinus,Procellariidae,Procellariiformes,,
Puffinus puffinus,Manx Shearwater,marine,Puffinus,Procellariidae,Procellariiformes,"300,000 (280,000–320,000)",
Puffinus mauretanicus,Balearic Shearwater,,Puffinus,Procellariidae,Procellariiformes,,
Puffinus assimilis,Little Shearwater,marine,Puffinus,Procellariidae,Procellariiformes,,
Pterodroma feae,Fea's Petrel,,Pterodroma,Procellariidae,Procellariiformes,,
Pterodroma madeira,Zino's Petrel,,Pterodroma,Procellariidae,Procellariiformes,,
Pterodroma mollis,Soft-plumaged Petrel,,Pterodroma,Procellariidae,Procellariiformes,,
Pterodroma hasitata,Black-capped Petrel,marine,Pterodroma,Procellariidae,Procellariiformes,,
Bulweria bulwerii,Bulwer's Petrel,marine,Bulweria,Procellariidae,Procellariiformes,,
Ardenna grisea,Sooty Shearwater,marine,Ardenna,Procellariidae,Procellariiformes,,
Ardenna gravis,Great Shearwater,marine,Ardenna,Procellariidae,Procellariiformes,,
Procellaria aequinoctialis,White-chinned Petrel,,Procellaria,Procellariidae,Procellariiformes,,
Calonectris borealis,Cory's Shearwater,terrestrial,Calonectris,Procellariidae,Procellariiformes,,
Calonectris diomedea,Scopoli's Shearwater,marine,Calonectris,Procellariidae,Procellariiformes,,
Oceanites oceanicus,Wilson's Petrel,marine,Oceanites,Hydrobatidae,Procellariiformes,,
Hydrobates pelagicus,Storm Petrel,marine,Hydrobates,Hydrobatidae,Procellariiformes,"25,500 (21,000–33,500)",
Oceanodroma castro,Band-rumped Storm Petrel,marine,Oceanodroma,Hydrobatidae,Procellariiformes,,
Oceanodroma monorhis,Swinhoe's Petrel,marine,Oceanodroma,Hydrobatidae,Procellariiformes,,
Oceanodroma leucorhoa,Leach's Petrel,marine,Oceanodroma,Hydrobatidae,Procellariiformes,,
Pelagodroma marina,White-faced Storm Petrel,marine,Pelagodroma,Hydrobatidae,Procellariiformes,,
Surnia ulula,Hawk Owl,,Surnia,Strigidae,Strigiformes,,
Strix nebulosa,Great Grey Owl,,Strix,Strigidae,Strigiformes,,
Strix aluco,Tawny Owl,,Strix,Strigidae,Strigiformes,50000,
Aegolius funereus,Tengmalm's Owl,,Aegolius,Strigidae,Strigiformes,,
Asio otus,Long-eared Owl,,Asio,Strigidae,Strigiformes,"(1,800–6,000)",
Asio flammeus,Short-eared Owl,,Asio,Strigidae,Strigiformes,"(620–2,200)",
Otus scops,Scops Owl,,Otus,Strigidae,Strigiformes,,
Bubo scandiacus,Snowy Owl,,Bubo,Strigidae,Strigiformes,,
Tyto alba,Barn Owl,,Tyto,Tytonidae,Strigiformes,"(4,000–14,000)",
Dendrocopos major,Great Spotted Woodpecker,,Dendrocopos,Picidae,Piciformes,"130,000 (120,000–145,000)",
Jynx torquilla,Wryneck,,Jynx,Picidae,Piciformes,0,
Picus viridis,Green Woodpecker,,Picus,Picidae,Piciformes,"45,500 (40,500–50,500)",
Dryobates minor,Lesser Spotted Woodpecker,terrestrial,Dryobates,Picidae,Piciformes,"(600–1,000)",
Sphyrapicus varius,Yellow-bellied Sapsucker,,Sphyrapicus,Picidae,Piciformes,,
Rhea americana,Greater Rhea,,Rhea,Rheidae,Rheiformes,,
Ixobrychus minutus,Little Bittern,terrestrial/freshwater,Ixobrychus,Ardeidae,Ciconiiformes,5,
Botaurus stellaris,Bittern,terrestrial/freshwater,Botaurus,Ardeidae,Ciconiiformes,191+,795
Botaurus lentiginosus,American Bittern,terrestrial,Botaurus,Ardeidae,Ciconiiformes,,
Ardea cinerea,Grey Heron,freshwater,Ardea,Ardeidae,Ciconiiformes,"10,500 (10,000–11,000)",45500
Ardea alba,Great White Egret,freshwater,Ardea,Ardeidae,Ciconiiformes,(8–12),72
Ardea purpurea,Purple Heron,freshwater,Ardea,Ardeidae,Ciconiiformes,0,
Egretta garzetta,Little Egret,marine/freshwater,Egretta,Ardeidae,Ciconiiformes,"1,100+",11500
Egretta thula,Snowy Egret,,Egretta,Ardeidae,Ciconiiformes,,
Ardeola ralloides,Squacco Heron,,Ardeola,Ardeidae,Ciconiiformes,,
Bubulcus coromandus,Eastern Cattle Egret,,Bubulcus,Ardeidae,Ciconiiformes,,
Butorides striata,Striated Heron,marine/terrestrial,Butorides,Ardeidae,Ciconiiformes,,
Butorides virescens,Green Heron,,Butorides,Ardeidae,Ciconiiformes,,
Platalea leucorodia,Spoonbill,marine/freshwater,Platalea,Threskiornithidae,Ciconiiformes,29,105
Ciconia episcopus,Woolly-necked Stork,,Ciconia,Ciconiidae,Ciconiiformes,,
Clamator glandarius,Great Spotted Cuckoo,,Clamator,Cuculidae,Cuculiformes,,
Coccyzus americanus,Yellow-billed Cuckoo,,Coccyzus,Cuculidae,Cuculiformes,,
Coccyzus erythropthalmus,Black-billed Cuckoo,,Coccyzus,Cuculidae,Cuculiformes,,
Cuculus canorus,Cuckoo,,Cuculus,Cuculidae,Cuculiformes,"18,000 (9,800–26,000)+",
Falco peregrinus,Peregrine,,Falco,Falconidae,Falconiformes,"1,750 (1,600–1,900)",
Falco eleonorae,Eleonora's Falcon,,Falco,Falconidae,Falconiformes,,
Falco columbarius,Merlin,,Falco,Falconidae,Falconiformes,"1,150 (890–1,450)",
Falco subbuteo,Hobby,,Falco,Falconidae,Falconiformes,2050,
Falco vespertinus,Red-footed Falcon,,Falco,Falconidae,Falconiformes,,
Falco tinnunculus,Kestrel,,Falco,Falconidae,Falconiformes,31000,
Falco punctatus,Mauritius Kestrel,,Falco,Falconidae,Falconiformes,,
Falco naumanni,Lesser Kestrel,,Falco,Falconidae,Falconiformes,,
Micrastur plumbeus,Plumbeous Forest Falcon,,Micrastur,Falconidae,Falconiformes,,
Pithecophaga jefferyi,Philippine Eagle,,Pithecophaga,Accipitridae,Falconiformes,,
Pandion haliaetus,Osprey,terrestrial/freshwater,Pandion,Accipitridae,Falconiformes,240+,
Aquila chrysaetos,Golden Eagle,,Aquila,Accipitridae,Falconiformes,510,
Spilornis kinabaluensis,Mountain Serpent Eagle,,Spilornis,Accipitridae,Falconiformes,,
Spilornis elgini,Andaman Serpent Eagle,,Spilornis,Accipitridae,Falconiformes,,
Eutriorchis astur,Madagascan Serpent Eagle,,Eutriorchis,Accipitridae,Falconiformes,,
Circaetus gallicus,Short-toed Eagle,,Circaetus,Accipitridae,Falconiformes,,
Pernis apivorus,Honey-buzzard,,Pernis,Accipitridae,Falconiformes,(33–69),
Clanga clanga,Spotted Eagle,terrestrial/freshwater,Clanga,Accipitridae,Falconiformes,,
Haliaeetus albicilla,White-tailed Eagle,marine/terrestrial,Haliaeetus,Accipitridae,Falconiformes,123+,
Haliaeetus vociferoides,Madagascan Fish Eagle,,Haliaeetus,Accipitridae,Falconiformes,,
Buteo buteo,Buzzard,,Buteo,Accipitridae,Falconiformes,"(63,000–87,500)",
Rissa tridactyla,Kittiwake,marine,Rissa,Laridae,Charadriiformes,"205,000 (175,000–255,000)",
Xema sabini,Sabine's Gull,marine,Xema,Laridae,Charadriiformes,,
Gelochelidon nilotica,Gull-billed Tern,marine,Gelochelidon,Laridae,Charadriiformes,,
Rhodostethia rosea,Ross's Gull,marine,Rhodostethia,Laridae,Charadriiformes,,
Leucophaeus atricilla,Laughing Gull,marine/terrestrial/freshwater,Leucophaeus,Laridae,Charadriiformes,,
Leucophaeus pipixcan,Franklin's Gull,marine/terrestrial/freshwater,Leucophaeus,Laridae,Charadriiformes,,
Chroicocephalus philadelphia,Bonaparte's Gull,marine,Chroicocephalus,Laridae,Charadriiformes,,
Chroicocephalus ridibundus,Black-headed Gull,marine/freshwater,Chroicocephalus,Laridae,Charadriiformes,"140,000+","2,200,000 (2,100,000–2,300,000)+"
Chroicocephalus genei,Slender-billed Gull,marine,Chroicocephalus,Laridae,Charadriiformes,,
Onychoprion anaethetus,Bridled Tern,marine,Onychoprion,Laridae,Charadriiformes,,
Larus michahellis,Yellow-legged Gull,freshwater,Larus,Laridae,Charadriiformes,2,840
Larus hyperboreus,Glaucous Gull,marine/freshwater,Larus,Laridae,Charadriiformes,,165+
Larus fuscus,Lesser Black-backed Gull,marine/freshwater,Larus,Laridae,Charadriiformes,"110,000-","130,000 (120,000–130,000)+"
Larus argentatus,Herring Gull,marine/freshwater,Larus,Laridae,Charadriiformes,"130,000-","740,000 (710,000–780,000)+"
Larus marinus,Great Black-backed Gull,marine/freshwater,Larus,Laridae,Charadriiformes,"15,000 (7,200–19,000)-","77,000 (72,000–82,000)+"
Larus canus,Common Gull,marine/freshwater,Larus,Laridae,Charadriiformes,48500,"710,000 (680,000–730,000)+"
Larus delawarensis,Ring-billed Gull,marine,Larus,Laridae,Charadriiformes,,21
Larus glaucescens,Glaucous-winged Gull,,Larus,Laridae,Charadriiformes,,
Larus smithsonianus,American Herring Gull,,Larus,Laridae,Charadriiformes,,
Larus schistisagus,Slaty-backed Gull,marine/terrestrial/freshwater,Larus,Laridae,Charadriiformes,,
Larus glaucoides,Iceland Gull,marine/freshwater,Larus,Laridae,Charadriiformes,,355+
Ichthyaetus melanocephalus,Mediterranean Gull,marine/terrestrial/freshwater,Ichthyaetus,Laridae,Charadriiformes,"1,200+",4000
Ichthyaetus audouinii,Audouin's Gull,marine/terrestrial/freshwater,Ichthyaetus,Laridae,Charadriiformes,,
Ichthyaetus ichthyaetus,Great Black-headed Gull,marine/terrestrial/freshwater,Ichthyaetus,Laridae,Charadriiformes,,
Thalasseus sandvicensis,Sandwich Tern,marine,Thalasseus,Laridae,Charadriiformes,"14,000 (13,000–15,000)",65
Thalasseus elegans,Elegant Tern,marine,Thalasseus,Laridae,Charadriiformes,,
Thalasseus acuflavidus,Cabot's Tern,marine,Thalasseus,Laridae,Charadriiformes,,
Thalasseus maximus,Royal Tern,marine,Thalasseus,Laridae,Charadriiformes,,
Thalasseus bengalensis,Lesser Crested Tern,marine,Thalasseus,Laridae,Charadriiformes,,
Pagophila eburnea,Ivory Gull,marine,Pagophila,Laridae,Charadriiformes,,
Chlidonias niger,Black Tern,marine/terrestrial,Chlidonias,Laridae,Charadriiformes,,
Chlidonias leucopterus,White-winged Black Tern,marine,Chlidonias,Laridae,Charadriiformes,,
Sternula albifrons,Little Tern,marine/freshwater,Sternula,Laridae,Charadriiformes,"14,50",
Sternula antillarum,Least Tern,marine,Sternula,Laridae,Charadriiformes,,
Sterna paradisaea,Arctic Tern,marine/freshwater,Sterna,Laridae,Charadriiformes,53500,
Sterna forsteri,Forster's Tern,marine,Sterna,Laridae,Charadriiformes,,
Sterna dougallii,Roseate Tern,marine/freshwater,Sterna,Laridae,Charadriiformes,100,
Sterna hirundo,Common Tern,marine/freshwater,Sterna,Laridae,Charadriiformes,"11,000 (8,900–13,500)",
Numenius minutus,Little Whimbrel,marine,Numenius,Scolopacidae,Charadriiformes,,
Numenius borealis,Eskimo Curlew,marine,Numenius,Scolopacidae,Charadriiformes,,
Circus hudsonius,Northern Harrier,terrestrial,Circus,Accipitridae,Falconiformes,,
Megaceryle alcyon,Belted Kingfisher,,Megaceryle,Alcedinidae,Coraciiformes,,
Merops persicus,Blue-cheeked Bee-eater,,Merops,Meropidae,Coraciiformes,,
Merops superciliosus,Olive Bee-eater,,Merops,Meropidae,Coraciiformes,,
Tachymarptis melba,Alpine Swift,terrestrial,Tachymarptis,Apodidae,Apodiformes,,
Liocichla phoenicea,Red-faced Liocichla,,Liocichla,Leiothrichidae,Passeriformes,,
Ixoreus naevius,Varied Thrush,,Ixoreus,Turdidae,Passeriformes,,
Zoothera aurea,White's Thrush,terrestrial,Zoothera,Turdidae,Passeriformes,,
Turdus atrogularis,Black-throated Thrush,,Turdus,Turdidae,Passeriformes,,
Turdus eunomus,Dusky Thrush,,Turdus,Turdidae,Passeriformes,,
Motacilla tschutschensis,Eastern Yellow Wagtail,terrestrial,Motacilla,Motacillidae,Passeriformes,,
Anthus rufulus,Paddyfield Pipit,terrestrial,Anthus,Motacillidae,Passeriformes,,
Tyrannus tyrannus,Eastern Kingbird,terrestrial,Tyrannus,Tyrannidae,Passeriformes,,
Empidonax virescens,Acadian Flycatcher,,Empidonax,Tyrannidae,Passeriformes,,
Empidonax flaviventris,Yellow-bellied Flycatcher,terrestrial,Empidonax,Tyrannidae,Passeriformes,,
Empidonax alnorum,Alder Flycatcher,terrestrial,Empidonax,Tyrannidae,Passeriformes,,
Coloeus monedula,Jackdaw,,Coloeus,Corvidae,Passeriformes,"1,550,000 (1,350,000–1,750,000)",
Corvus cornix,Hooded Crow,,Corvus,Corvidae,Passeriformes,285000,
Sitta neumayer,Western Rock Nuthatch,,Sitta,Sittidae,Passeriformes,,
Emberiza fucata,Chestnut-eared Bunting,,Emberiza,Emberizidae,Passeriformes,,
Alauda leucoptera,White-winged Lark,terrestrial,Alauda,Alaudidae,Passeriformes,,
Poecile palustris,Marsh Tit,,Poecile,Paridae,Passeriformes,28500,
Poecile atricapillus,Black-capped Chickadee,,Poecile,Paridae,Passeriformes,,
Poecile lugubris,Sombre Tit,,Poecile,Paridae,Passeriformes,,
Poecile montanus,Willow Tit,,Poecile,Paridae,Passeriformes,"2,750-",
Lophophanes cristatus,Crested Tit,,Lophophanes,Paridae,Passeriformes,"(1,000–2,000)",
Periparus ater,Coal Tit,,Periparus,Paridae,Passeriformes,660000,
Cyanistes caeruleus,Blue Tit,,Cyanistes,Paridae,Passeriformes,3400000,
Curruca melanothorax,Cyprus Warbler,terrestrial,Curruca,Sylviidae,Passeriformes,,
Curruca minula,Desert Whitethroat,terrestrial,Curruca,Sylviidae,Passeriformes,,
Curruca conspicillata,Spectacled Warbler,terrestrial,Curruca,Sylviidae,Passeriformes,,
Curruca nisoria,Barred Warbler,terrestrial,Curruca,Sylviidae,Passeriformes,,
Curruca ruppeli,Rüppell's Warbler,terrestrial,Curruca,Sylviidae,Passeriformes,,
Curruca crassirostris,Eastern Orphean Warbler,terrestrial,Curruca,Sylviidae,Passeriformes,,
Curruca subalpina,Moltoni's Subalpine Warbler,terrestrial,Curruca,Sylviidae,Passeriformes,,
Curruca communis,Whitethroat,terrestrial,Curruca,Sylviidae,Passeriformes,1100000,
Curruca melanocephala,Sardinian Warbler,terrestrial,Curruca,Sylviidae,Passeriformes,,
Curruca sarda,Marmora's Warbler,terrestrial,Curruca,Sylviidae,Passeriformes,,
Curruca cantillans,Eastern Subalpine Warbler,terrestrial,Curruca,Sylviidae,Passeriformes,,
Curruca undata,Dartford Warbler,terrestrial,Curruca,Sylviidae,Passeriformes,2200,
Curruca nana,Asian Desert Warbler,terrestrial,Curruca,Sylviidae,Passeriformes,,
Curruca curruca,Lesser Whitethroat,terrestrial,Curruca,Sylviidae,Passeriformes,79000,
Curruca iberiae,Western Subalpine Warbler,terrestrial,Curruca,Sylviidae,Passeriformes,,
Ficedula albicilla,Taiga Flycatcher,,Ficedula,Muscicapidae,Passeriformes,,
Calliope calliope,Siberian Rubythroat,,Calliope,Muscicapidae,Passeriformes,,
Oenanthe finschii,Finsch's Wheatear,,Oenanthe,Muscicapidae,Passeriformes,,
Oenanthe melanoleuca,Eastern Black-eared Wheatear,terrestrial,Oenanthe,Muscicapidae,Passeriformes,,
Larvivora cyane,Siberian Blue Robin,,Larvivora,Muscicapidae,Passeriformes,,
Larvivora sibilans,Rufous-tailed Robin,,Larvivora,Muscicapidae,Passeriformes,,
Saxicola rubicola,Stonechat,,Saxicola,Muscicapidae,Passeriformes,"65,000 (43,000–87,000)",
Saxicola maurus,Siberian Stonechat,,Saxicola,Muscicapidae,Passeriformes,,
Saxicola stejnegeri,Stejneger's Stonechat,,Saxicola,Muscicapidae,Passeriformes,,
Prunella montanella,Siberian Accentor,terrestrial,Prunella,Prunellidae,Passeriformes,,
Leiothlypis peregrina,Tennessee Warbler,terrestrial,Leiothlypis,Parulidae,Passeriformes,,
Parkesia noveboracensis,Northern Waterthrush,,Parkesia,Parulidae,Passeriformes,,
Setophaga pensylvanica,Chestnut-sided Warbler,,Setophaga,Parulidae,Passeriformes,,
Setophaga aestiva,Yellow Warbler,terrestrial,Setophaga,Parulidae,Passeriformes,,
Setophaga coronata,Yellow-rumped Warbler,,Setophaga,Parulidae,Passeriformes,,
Setophaga fusca,Blackburnian Warbler,,Setophaga,Parulidae,Passeriformes,,
Setophaga castanea,Bay-breasted Warbler,,Setophaga,Parulidae,Passeriformes,,
Setophaga tigrina,Cape May Warbler,,Setophaga,Parulidae,Passeriformes,,
Setophaga citrina,Hooded Warbler,,Setophaga,Parulidae,Passeriformes,,
Seiurus aurocapilla,Ovenbird,,Seiurus,Parulidae,Passeriformes,,
Cardellina pusilla,Wilson's Warbler,,Cardellina,Parulidae,Passeriformes,,
Lanius schach,Long-tailed Shrike,,Lanius,Laniidae,Passeriformes,,
Lanius phoenicuroides,Turkestan Shrike,terrestrial,Lanius,Laniidae,Passeriformes,,
Numenius hudsonicus,Hudsonian Whimbrel,,Numenius,Scolopacidae,Charadriiformes,,
Numenius phaeopus,Whimbrel,marine/freshwater,Numenius,Scolopacidae,Charadriiformes,310,41
Limosa lapponica,Bar-tailed Godwit,marine/freshwater,Limosa,Scolopacidae,Charadriiformes,,53500
Tringa erythropus,Spotted Redshank,marine/freshwater,Tringa,Scolopacidae,Charadriiformes,,68
Tringa stagnatilis,Marsh Sandpiper,marine,Tringa,Scolopacidae,Charadriiformes,,
Tringa ochropus,Green Sandpiper,freshwater,Tringa,Scolopacidae,Charadriiformes,2,290
Tringa solitaria,Solitary Sandpiper,,Tringa,Scolopacidae,Charadriiformes,,
Tringa melanoleuca,Greater Yellowlegs,marine,Tringa,Scolopacidae,Charadriiformes,,
Tringa nebularia,Greenshank,marine/terrestrial/freshwater,Tringa,Scolopacidae,Charadriiformes,"1,100+",920
Tringa glareola,Wood Sandpiper,freshwater,Tringa,Scolopacidae,Charadriiformes,30,
Tringa brevipes,Grey-tailed Tattler,marine,Tringa,Scolopacidae,Charadriiformes,,
Tringa flavipes,Lesser Yellowlegs,marine,Tringa,Scolopacidae,Charadriiformes,,
Calidris himantopus,Stilt Sandpiper,marine,Calidris,Scolopacidae,Charadriiformes,,
Calidris pugnax,Ruff,marine/freshwater,Calidris,Scolopacidae,Charadriiformes,13,920
Calidris canutus,Knot,marine,Calidris,Scolopacidae,Charadriiformes,,265000
Calidris falcinellus,Broad-billed Sandpiper,marine,Calidris,Scolopacidae,Charadriiformes,,
Calidris bairdii,Baird's Sandpiper,marine/terrestrial,Calidris,Scolopacidae,Charadriiformes,,
Calidris minuta,Little Stint,marine/freshwater,Calidris,Scolopacidae,Charadriiformes,,8
Calidris pusilla,Semipalmated Sandpiper,marine,Calidris,Scolopacidae,Charadriiformes,,
Calidris melanotos,Pectoral Sandpiper,marine,Calidris,Scolopacidae,Charadriiformes,,
Calidris subruficollis,Buff-breasted Sandpiper,,Calidris,Scolopacidae,Charadriiformes,,
Calidris acuminata,Sharp-tailed Sandpiper,marine,Calidris,Scolopacidae,Charadriiformes,,
Calidris alba,Sanderling,marine,Calidris,Scolopacidae,Charadriiformes,,20500
Calidris minutilla,Least Sandpiper,marine,Calidris,Scolopacidae,Charadriiformes,,
Calidris maritima,Purple Sandpiper,marine,Calidris,Scolopacidae,Charadriiformes,1,9900
Calidris mauri,Western Sandpiper,marine,Calidris,Scolopacidae,Charadriiformes,,
Calidris temminckii,Temminck's Stint,marine/freshwater,Calidris,Scolopacidae,Charadriiformes,,
Calidris ruficollis,Red-necked Stint,marine,Calidris,Scolopacidae,Charadriiformes,,
Phalaropus lobatus,Red-necked Phalarope,marine/freshwater,Phalaropus,Scolopacidae,Charadriiformes,64,
Phalaropus fulicarius,Grey Phalarope,marine/freshwater,Phalaropus,Scolopacidae,Charadriiformes,,
Arenaria interpres,Turnstone,marine,Arenaria,Scolopacidae,Charadriiformes,,43000
Bartramia longicauda,Upland Sandpiper,,Bartramia,Scolopacidae,Charadriiformes,,
Lymnocryptes minimus,Jack Snipe,freshwater,Lymnocryptes,Scolopacidae,Charadriiformes,,110000
Limnodromus scolopaceus,Long-billed Dowitcher,marine,Limnodromus,Scolopacidae,Charadriiformes,,
Limnodromus griseus,Short-billed Dowitcher,marine,Limnodromus,Scolopacidae,Charadriiformes,,
Gallinago delicata,Wilson's Snipe,,Gallinago,Scolopacidae,Charadriiformes,,
Gallinago media,Great Snipe,marine,Gallinago,Scolopacidae,Charadriiformes,,
Scolopax rusticola,Woodcock,terrestrial,Scolopax,Scolopacidae,Charadriiformes,"57,000 (43,000–71,000)",1400000
Uria lomvia,Brünnich's Guillemot,marine,Uria,Alcidae,Charadriiformes,,
Uria aalge,Common Guillemot,marine,Uria,Alcidae,Charadriiformes,950000,
Cepphus grylle,Black Guillemot,marine,Cepphus,Alcidae,Charadriiformes,19500,
Alca torda,Razorbill,marine,Alca,Alcidae,Charadriiformes,"165,000 (100,000–250,000)",
Alle alle,Little Auk,marine,Alle,Alcidae,Charadriiformes,,
Brachyramphus perdix,Long-billed Murrelet,,Brachyramphus,Alcidae,Charadriiformes,,
Fratercula arctica,Puffin,marine,Fratercula,Alcidae,Charadriiformes,"580,000-",
Fratercula cirrhata,Tufted Puffin,,Fratercula,Alcidae,Charadriiformes,,
Glareola pratincola,Collared Pratincole,marine,Glareola,Glareolidae,Charadriiformes,,
Stercorarius longicaudus,Long-tailed Skua,marine,Stercorarius,Stercorariidae,Charadriiformes,,
Stercorarius pomarinus,Pomarine Skua,marine,Stercorarius,Stercorariidae,Charadriiformes,,
Stercorarius parasiticus,Arctic Skua,marine,Stercorarius,Stercorariidae,Charadriiformes,785 (535–1550),
Stercorarius maccormicki,South Polar Skua,,Stercorarius,Stercorariidae,Charadriiformes,,
Himantopus himantopus,Black-winged Stilt,marine/freshwater,Himantopus,Recurvirostridae,Charadriiformes,3 (0–6),
Haematopus ostralegus,Oystercatcher,marine/freshwater,Haematopus,Charadriidae,Charadriiformes,95500,305000
Charadrius hiaticula,Ringed Plover,marine/terrestrial/freshwater,Charadrius,Charadriidae,Charadriiformes,"5,450 (5,250–5,600)",42500
Charadrius alexandrinus,Kentish Plover,marine,Charadrius,Charadriidae,Charadriiformes,,
Charadrius vociferus,Killdeer,marine,Charadrius,Charadriidae,Charadriiformes,,
Charadrius semipalmatus,Semipalmated Plover,marine,Charadrius,Charadriidae,Charadriiformes,,
Charadrius leschenaultii,Greater Sand Plover,marine,Charadrius,Charadriidae,Charadriiformes,,
Charadrius dubius,Little Ringed Plover,marine/freshwater,Charadrius,Charadriidae,Charadriiformes,"1,250 (1,200–1,300)",
Pluvialis fulva,Pacific Golden Plover,marine,Pluvialis,Charadriidae,Charadriiformes,,
Pluvialis squatarola,Grey Plover,marine/freshwater,Pluvialis,Charadriidae,Charadriiformes,,33500
Morus bassanus,Gannet,marine,Morus,Sulidae,Pelecaniformes,295000,
Sula leucogaster,Brown Booby,marine,Sula,Sulidae,Pelecaniformes,,
Sula sula,Red-footed Booby,marine/terrestrial,Sula,Sulidae,Pelecaniformes,,
Fregata aquila,Ascension Frigatebird,,Fregata,Fregatidae,Pelecaniformes,,
Phalacrocorax aristotelis,Shag,marine,Phalacrocorax,Phalacrocoracidae,Pelecaniformes,"17,500 (13,500–20,500)","110,000+"
Phalacrocorax carbo,Cormorant,marine/terrestrial/freshwater,Phalacrocorax,Phalacrocoracidae,Pelecaniformes,8900,"64,500+"
Lagopus muta,Ptarmigan,,Lagopus,Phasianidae,Galliformes,"(2000–15,000)",
Lophura edwardsi,Edwards's Pheasant,,Lophura,Phasianidae,Galliformes,,
Lyrurus tetrix,Black Grouse,,Lyrurus,Phasianidae,Galliformes,4850,
Balearica pavonina,Black Crowned Crane,,Balearica,Gruidae,Gruiformes,,
Balearica regulorum,Grey Crowned Crane,,Balearica,Gruidae,Gruiformes,,
Antigone canadensis,Sandhill Crane,terrestrial/freshwater,Antigone,Gruidae,Gruiformes,,
Fulica atra,Coot,terrestrial/freshwater,Fulica,Rallidae,Gruiformes,"26,000+",205000
Zapornia pusilla,Baillon's Crake,terrestrial/freshwater,Zapornia,Rallidae,Gruiformes,,
Zapornia parva,Little Crake,terrestrial/freshwater,Zapornia,Rallidae,Gruiformes,,
Gallinula chloropus,Moorhen,terrestrial/freshwater,Gallinula,Rallidae,Gruiformes,210000,305000
Gavia arctica,Black-throated Diver,marine/freshwater,Gavia,Gaviidae,Gaviiformes,215 (190–250),560+
Gavia stellata,Red-throated Diver,marine/freshwater,Gavia,Gaviidae,Gaviiformes,"1,250 (1,000–1,550)","21,500+"
Gavia pacifica,Pacific Diver,,Gavia,Gaviidae,Gaviiformes,,
Gavia immer,Great Northern Diver,marine,Gavia,Gaviidae,Gaviiformes,,"4,400+"
Cygnus columbianus,Tundra Swan,terrestrial/freshwater,Cygnus,Anatidae,Anseriformes,,
Histrionicus histrionicus,Harlequin Duck,marine,Histrionicus,Anatidae,Anseriformes,,
Tadorna tadorna,Shelduck,terrestrial/freshwater,Tadorna,Anatidae,Anseriformes,"7,850+",51000
Anser serrirostris,Tundra Bean Goose,terrestrial/freshwater,Anser,Anatidae,Anseriformes,,300
Polysticta stelleri,Steller's Eider,marine,Polysticta,Anatidae,Anseriformes,,
Aythya marila,Scaup,marine/freshwater,Aythya,Anatidae,Anseriformes,(0–1),"6,400+"
Aythya fuligula,Tufted Duck,terrestrial/freshwater,Aythya,Anatidae,Anseriformes,"(16,500–19,000)",140000
Spatula clypeata,Shoveler,freshwater,Spatula,Anatidae,Anseriformes,1100,19500
Spatula querquedula,Garganey,freshwater,Spatula,Anatidae,Anseriformes,105,
Bucephala clangula,Goldeneye,terrestrial/freshwater,Bucephala,Anatidae,Anseriformes,200,21000
Mergus merganser,Goosander,terrestrial/freshwater,Mergus,Anatidae,Anseriformes,"4,800 (4,250–5,250)+",14500
Mergus serrator,Red-breasted Merganser,marine/terrestrial/freshwater,Mergus,Anatidae,Anseriformes,"1,650+",11000